author_id,temp_author,First Name,Middle Name,Last Name,Display Name,Email
1,Andrea Minarcek,,,,,
2,"Danielle Contray, Nicholas DeRenzo, Nicole Frehsee, Devon O’Neil, Melinda Page, Valerie Rains, Julie Schwietert, and Diane Vadino",,,,,
3,Scott Sporleder,,,,,
4,David Boylan,,,,,
5,Hal Amen,,,,,
6,Kathy YL Chan,,,,,
7,Molly Young,,,,,
8,Hilary Howard,,,,,
9,Kristina Shevory,,,,,
10,Freda Moon,,,,,
11,Shaila Dewan,,,,,
12,Chris Colin,,,,,
13,Lionel Beehner,,,,,
14,David Laskin,,,,,
15,Michelle Higgins,,,,,
16,Geraldine Fabrikant,,,,,
17,Pete Freedman,,,,,
18,Andrew Knowlton,,,,,
19,Shax Riegler,,,,,
20,Jason Cochran,,,,,
21,Katherine Wheelock,,,,,
22,Nicholas DeRenzo,,,,,
23,Nicole Frehsee,,,,,
24,Melinda Page,,,,,
25,Daniel Duane,,,,,
26,Katy McColl,,,,,
27,"Geraldine Campbell, Kendell Cronstrom, Elaine Glusac, Naomi Lindt, and Mario López-Cordero",,,,,
28,David Farley,,,,,
29,Tom Markovich,,,,,
30,Nicholas Gill,,,,,
31,Carrie Havranek,,,,,
32,Christopher Reynolds,,,,,
33,Rosemary McClure,,,,,
34,Greg Emerson,,,,,
35,Steve Jermanok,,,,,
36,Jason Zinoman,,,,,
37,Sam Sifton,,,,,
38,Pete Wells,,,,,
39,Rachel Kalt,,,,,
40,Keli Dailey,,,,,
41,Caroline Dipping,,,,,
42,Ted Glennon,,,,,
43,Joshua Pramis,,,,,
44,Nina Fedrizzi,,,,,
45,Charlotte Druckman,,,,,
46,Ratha Tep,,,,,
47,Katrina Brown Hunt,,,,,
48,"Brendan Spiegel, Sarah Storms",,,,,
49,Nate Storey,,,,,
50,Geraldine Fabrikant,,,,,
51,Ron Hodson,,,,,
52,Lionel Beehner,,,,,
53,Ron Hodson,,,,,
54,Ron Hodson,,,,,
55,Ron Hodson,,,,,
56,Sara Schneider,,,,,
57,Ron Hodson,,,,,
58,Ron Hodson,,,,,
59,Joe Yogerst,,,,,
60,Lyndsey Matthews,,,,,
61,Harriet Baskas,,,,,
62,Mary Jo Manzanares,,,,,
63,Rosemary McClure,,,,,
64,Missy Sullivan,,,,,
65,Karla Peterson,,,,,
66,Kendra L. Williams,,,,,
67,Laura Bly,,,,,
68,Andrew Knowlton,,,,,
69,John Mariani,,,,,
70,John Mariani,,,,,
71,Lori Weisberg,,,,,
72,Chris Ross,,,,,
73,Keli Dailey,,,,,
74,R. A. Scott,,,,,
75,Pete Wells,,,,,
76,Pete Wells,,,,,
77,Jill Wendholt Silva,,,,,
78,Sarah Maslin Nir,,,,,
79,Elaine Glusac,,,,,
80,Nathan Scharn,,,,,
81,Peter Rowe,,,,,
82,Katarina Kovacevic,,,,,
83,Sam Anderson,,,,,
84,Sandra Ramani,,,,,
85,Stephanie Rosenbloom,,,,,
86,Pete Wells,,,,,
87,Ligaya Mishan,,,,,
88,Karen Schwartz,,,,,
89,Joyce Wadler,,,,,
90,Susan Lehman,,,,,
91,Matt Weddle,,,,,
92,Lori Weisberg,,,,,
93,David Farley,,,,,
94,Peter Rowe,,,,,
95,Mary Jo Manzanares,,,,,
96,Rob Lovitt,,,,,
97,Keli Dailey,,,,,
98,Chris Ross,,,,,
99,Michael Tortorello,,,,,
100,Campbell Robertson,,,,,
101,Ryan Murphy,,,,,
102,Gary A. Warner,,,,,
103,Valarie Strauss,,,,,
104,Gary A. Warner,,,,,
105,Nicholas K. Geranios,,,,,
106,"Dave Henkes, Donna Hood Crecca",,,,,
107,Kirk Johnson,,,,,
108,Susan Gregory Thomas,,,,,
109,Bill Schulz,,,,,
110,Rachel Lee Harris,,,,,
111,Adam Ngourney,,,,,
112,Katy Steinmetz,,,,,
113,Jane Black,,,,,
114,Pete Wells,,,,,
115,Lori Weisberg,,,,,
116,Peter Rowe,,,,,
117,Michelle Dederko,,,,,
118,Alan Richman,,,,,
119,Peter Rowe,,,,,
120,Ned Martel,,,,,
121,Tanya Mannes,,,,,
122,Keli Dailey,,,,,
123,Carl H. Larsen,,,,,
124,Katie Kelly Bell,,,,,
125,Sarah Grieco,,,,,
126,Lori Weisberg,,,,,
127,Hannah Sampson,,,,,
128,Sean O’Neill,,,,,
129,Kristen Dahlgren,,,,,
130,Jim Spellman,,,,,
131,Larry Bleiberg,,,,,
132,Larry Bleiberg,,,,,
133,Elizabeth Gunnison,,,,,
134,Laura T. Coffey,,,,,
135,Tanya Mannes,,,,,
136,Jakob Schiller,,,,,
137,Lucy Burningham,,,,,
138,Katie McElveen,,,,,
139,Norma Meyer,,,,,
140,Adam Fisher,,,,,
141,Gary Warner,,,,,
142,Sean O’Neill,,,,,
143,Christopher Reynolds,,,,,
144,Dave Lieberman,,,,,
145,Jenny Price,,,,,
146,Jim MacQuarrie,,,,,
147,Jessica Forsyth,,,,,
148,Laura Bly,,,,,
149,Lori Weisberg,,,,,
150,Carrie Havranek,,,,,
151,Joshua Pramis,,,,,
152,Rob Lovitt,,,,,
153,Norma Meyer,,,,,
154,Louis Sahagun,,,,,
155,Allison Austin Scheff,,,,,
156,Sage Russell,,,,,
157,Freda Moon,,,,,
158,Adam Schupak,,,,,
159,Eddie Trent,,,,,
160,Jessica Gelt,,,,,
161,Hugo Martin,,,,,
162,Ryan Ritchie,,,,,
163,Brady MacDonald,,,,,
164,Terrisa Meeks,,,,,
165,Brett Zongker,,,,,
166,James Chute,,,,,
167,Zachary Fowle,,,,,
168,Larry Olmsted,,,,,
169,Harriet Baskas,,,,,
170,Patricia Cohen,,,,,
171,Ethan Gilsdorf,,,,,
172,David Boylan,,,,,
173,Laura Bly,,,,,
174,Christopher Reynolds,,,,,
175,Beth Greenfield,,,,,
176,Larry Bleiberg,,,,,
177,Yelena Moroz,,,,,
178,Harriet Baskas,,,,,
179,Olivia Barker,,,,,
180,Laura Bly,,,,,
181,Adam Sylvain,,,,,
182,Jessica Gelt,,,,,
183,Susan Spano,,,,,
184,Ryan Ritchie,,,,,
185,Katia Hetter,,,,,
186,Larry Olmsted,,,,,
187,Larry Olmsted,,,,,
188,Jayne Clark,,,,,
189,Tony Perrottet,,,,,
190,Nancy Trejos,,,,,
191,Allison Linn,,,,,
192,Adrienne So,,,,,
193,Neil Genzlinger,,,,,
194,Jay Jones,,,,,
195,Adam Ngourney,,,,,
196,Harriet Ryan,,,,,
197,Ryan Ritchie,,,,,
198,Booth Moore,,,,,
199,Larry Olmsted,,,,,
200,Eve M. Kahn,,,,,
201,Ted Gregory,,,,,
202,Jordan Rane,,,,,
203,Larry Olmsted,,,,,
204,Larry Bleiberg,,,,,
205,Larry Himmel,,,,,
206,Deanne Goodman,,,,,
207,Pete Wells,,,,,
208,Heather Eng,,,,,
209,Karen Cicero,,,,,
210,Megan Othersen Gorman,,,,,
211,Lisa Singh,,,,,
212,Larry Olmsted,,,,,
213,Justin Ocean,,,,,
214,Peter Jon Lindberg,,,,,
215,Larry Bleiberg,,,,,
216,Colleen Lanin,,,,,
217,Larry Bleiberg,,,,,
218,Larry Olmsted,,,,,
219,Kitty Bean Yancey,,,,,
220,Larry Olmsted,,,,,
221,Brendan Spiegel,,,,,
222,Lydie,,,,,
223,Ben Schott,,,,,
224,Larry Bleiberg,,,,,
225,Avital Andrews,,,,,
226,Josh Sanburn,,,,,
227,Liz Weiss,,,,,
228,"Felicia Kelley, Brandon Payne",,,,,
229,Gretchen Ashton,,,,,
230,Matthew Moll,,,,,
231,Christopher Reynolds,,,,,
232,Allison Aubrey,,,,,
233,Amanda Kludt,,,,,
234,Jen Swetzoff,,,,,
235,Margie Goldsmith,,,,,
236,Gary Stoller,,,,,
237,William Grimes,,,,,
238,Sara Beck,,,,,
239,Elizabeth A. Harris,,,,,
240,Seth Kugel,,,,,
241,Larry Olmsted,,,,,
242,Jamie Beckman,,,,,
243,Tanya Lewis,,,,,
244,Cathy Lynn Grossman,,,,,
245,Larry Bleiberg,,,,,
246,Suzanne Rowan Kelleher,,,,,
247,Jayne Clark,,,,,
248,Larry Olmsted,,,,,
249,Corrine White,,,,,
250,Laura Bly,,,,,
251,Helene Cooper,,,,,
252,Alan Richman,,,,,
253,Robert Reid,,,,,
254,Katherine Dorsett Bennett,,,,,
255,Jon Swartz,,,,,
256,James Rainey,,,,,
257,Laura Bly,,,,,
258,Larry Bleiberg,,,,,
259,Larry Olmsted,,,,,
260,Russ Parsons,,,,,
261,Devorah Klein Lev-Tov,,,,,
262,Eliana Dockterman,,,,,
263,Jeff Koyen,,,,,
264,Renata Provenzano,,,,,
265,Jennifer Woods,,,,,
266,Keli Dailey,,,,,
267,Keli Dailey,,,,,
268,Jeff Gordinier,,,,,
269,Raphael Orlove,,,,,
270,Pete Wells,,,,,
271,Lizzie Wade,,,,,
272,Tom Downey,,,,,
273,Larry Olmsted,,,,,
274,Edward Rothstein,,,,,
275,Justin Ocean,,,,,
276,Nino Padova,,,,,
277,Anne Z. Cooke,,,,,
278,Amanda Kludt,,,,,
279,Julia Davis,,,,,
280,Nate Storey,,,,,
281,Claire Cottrell,,,,,
282,Adam Carlson,,,,,
283,Christopher Reynolds,,,,,
284,Stirling Kelso,,,,,
285,Lauren Mack,,,,,
286,Adam H. Graham,,,,,
287,Christopher Reynolds,,,,,
288,Seth Kugel,,,,,
289,Christina Nellemann,,,,,
290,Sarah Enelow,,,,,
291,Kristine Hansen,,,,,
292,Adam Erace,,,,,
293,Tara Duggan,,,,,
294,Leslie Horn,,,,,
295,Tanya Mohn,,,,,
296,John Cook,,,,,
297,Andrea Bennett,,,,,
298,Lauren Mack,,,,,
299,Christine Ajudua,,,,,
300,Larry Olmsted,,,,,
301,John Mariani,,,,,
302,Matt Hickman,,,,,
303,Rob Lovitt,,,,,
304,Siobhan Wallace,,,,,
305,Jamie Stengle,,,,,
306,Larry Bleiberg,,,,,
307,Celeste Moure,,,,,
308,Larry Olmsted,,,,,
309,Hannah Norwick,,,,,
310,Jonathan Gold,,,,,
311,Troy Johnson,,,,,
312,Larry Bleiberg,,,,,
313,"Laura Kiniry, Brendan Spiegel",,,,,
314,Anne Midgette,,,,,
315,Sara Pepitone,,,,,
316,Jessica Sedgwick,,,,,
317,Jay Jones,,,,,
318,Howard Seftel,,,,,
319,Todd Haefer,,,,,
320,Larry Olmsted,,,,,
321,Edward Rothstein,,,,,
322,S. Irene Virbila,,,,,
323,Terry Richard,,,,,
324,Providence Cicero,,,,,
325,Jeanne Cooper,,,,,
326,Jessica Teich,,,,,
327,Irene Lechowitzky,,,,,
328,Ryan Ritchie,,,,,
329,Ben Popken,,,,,
330,James Holloway,,,,,
331,Seth Kugel,,,,,
332,Lionel Beehner,,,,,
333,Kaushik,,,,,
334,Ayesha Durgahee,,,,,
335,Jenn Harris,,,,,
336,Larry Olmsted,,,,,
337,Jill Becker,,,,,
338,Lisa Grossman,,,,,
339,Lori Weisberg,,,,,
340,Susan Langenhennig,,,,,
341,Betty Hallock,,,,,
342,Alexander Lobrano,,,,,
343,Annie Fitzsimmons,,,,,
344,Natalie Musumeci,,,,,
345,Larry Olmsted,,,,,
346,Jill Becker,,,,,
347,Michelle Kiefer,,,,,
348,Jocelyn Murray,,,,,
349,Jocelyn Murray,,,,,
350,April Orcutt,,,,,
351,Junita Bognanni,,,,,
352,Larry Olmsted,,,,,
353,tomcoug,,,,,
354,Harriet Baskas,,,,,
355,Linda Bao,,,,,
356,Oyster.com,,,,,
357,Larry Bleiberg,,,,,
358,Gary Shteyngart,,,,,
359,A. Pawlowski,,,,,
360,Seth Kugel,,,,,
361,Sara Dickerman,,,,,
362,Dan Barry,,,,,
363,Paul Post,,,,,
364,Joan Nathan,,,,,
365,Jayne Clark,,,,,
366,Brady MacDonald,,,,,
367,Jennifer M. Wood,,,,,
368,Andrew Knowlton,,,,,
369,Julia Moskin,,,,,
370,Larry Olmsted,,,,,
371,Erin Shaw Street,,,,,
372,Chadner Navarro,,,,,
373,Edward Rothstein,,,,,
374,Dan Myers,,,,,
375,Jonathan Gold,,,,,
376,Danielle Furfaro,,,,,
377,Emma Sloley,,,,,
378,Larry Olmsted,,,,,
379,Iza Wojciechowska,,,,,
380,"Loren Mooney, Julie Chai, Julie Dugdale, Elizabeth Jenkins, Robin Jones, and Jess Thomson",,,,,
381,Will Gordon,,,,,
382,Marisa McClellan,,,,,
383,Paula Disbrowe,,,,,
384,Jesse McKinley,,,,,
385,Julia Moskin,,,,,
386,Jay Jones,,,,,
387,Larry Bleiberg,,,,,
388,Joey Nargizian,,,,,
389,Pete Wells,,,,,
390,Lee Glandorf,,,,,
391,Candice Woo,,,,,
392,Larry Olmsted,,,,,
393,Barbara DeLollis,,,,,
394,Jason Fagone,,,,,
395,Susan Spano,,,,,
396,Maridel Reyes,,,,,
397,Freda Moon,,,,,
398,Bill Pennington,,,,,
399,Brian Yaeger,,,,,
400,Larry Bleiberg,,,,,
401,Emily Temple,,,,,
402,Josh Trudell,,,,,
403,Irene Lechowitzky,,,,,
404,Larry Bleiberg,,,,,
405,James Sullivan,,,,,
406,James Sullivan,,,,,
407,Jayme Moye,,,,,
408,Pete Wells,,,,,
409,Dan Myers,,,,,
410,Lee Glandorf,,,,,
411,Stephanie Oswald,,,,,
412,Mary Forgione,,,,,
413,Kaeli Conforti,,,,,
414,Ingrid K. Williams,,,,,
415,Rosemary McClure,,,,,
416,Larry Olmsted,,,,,
417,Jessie Cacciola,,,,,
418,Pete Wells,,,,,
419,Barbara DeLollis,,,,,
420,Andrea Bennett,,,,,
421,Wayne Curtis,,,,,
422,Jimmy Im,,,,,
423,S. Irene Virbila,,,,,
424,Lauren Mack,,,,,
425,Seth Kugel,,,,,
426,Larry Bleiberg,,,,,
427,Millie Ball,,,,,
428,Gray Faust,,,,,
429,Keli Dailey,,,,,
430,Ligaya Mishan,,,,,
431,Sarah L. Stewart,,,,,
432,Cameron Simcik,,,,,
433,Lindsey Galloway,,,,,
434,Andrea Crossan,,,,,
435,Lee Glandorf,,,,,
436,Kaushik,,,,,
437,Lisa Boone,,,,,
438,Matt Hickman,,,,,
439,Laura Bly,,,,,
440,Larry Olmsted,,,,,
441,Freda Moon,,,,,
442,Kitty Yancey,,,,,
443,Laura Michonski,,,,,
444,Zofia Smardz,,,,,
445,John Kekis,,,,,
446,Kristen Browning-Blas,,,,,
447,Angela Hill,,,,,
448,Larry Olmsted,,,,,
449,Jonathan Gold,,,,,
450,Jef With One F,,,,,
451,Sophia Dembling,,,,,
452,Mark Damon Puckett,,,,,
453,Ashley Day,,,,,
454,Andrew Knowlton,,,,,
455,Kayleigh Kulp,,,,,
456,Tracey Teo,,,,,
457,Winnie Hu,,,,,
458,Alex Pasquariello,,,,,
459,Brittany Miller,,,,,
460,Michelle R. Smith,,,,,
461,Christopher Reynolds,,,,,
462,Melanie Wynne Waldman,,,,,
463,Emily H. Bratcher,,,,,
464,Ethan Todras-Whitehill,,,,,
465,Larry Olmsted,,,,,
466,Arthur Bovino,,,,,
467,Katia Hetter,,,,,
468,Alan Richman,,,,,
469,Kitty Bean Yancey,,,,,
470,Jonathan Gold,,,,,
471,Mark Rozzo,,,,,
472,Eric Spitznagel,,,,,
473,Bonnie Friedman,,,,,
474,Carol Cain,,,,,
475,Michael Luongo,,,,,
476,Laura Bly,,,,,
477,Geraldine Campbell,,,,,
478,John Eligon,,,,,
479,A. Pawlowski,,,,,
480,Mary Forgione,,,,,
481,Larry Olmsted,,,,,
482,Larry Olmsted,,,,,
483,David Undercoffler,,,,,
484,Ingrid K. Williams,,,,,
485,Christopher Reynolds,,,,,
486,Valentina Palladino,,,,,
487,Andrew Knowlton,,,,,
488,Emma Janzen,,,,,
489,Katie Dally,,,,,
490,Addie Broyles and Matthew Odam,,,,,
491,Addie Broyles and Matthew Odam,,,,,
492,Matthew Odam,,,,,
493,Jesse Cape,,,,,
494,Katrina Brown Hunt,,,,,
495,Graham Averill,,,,,
496,Deborah Vankin,,,,,
497,Larry Olmsted,,,,,
498,Jennings Brown,,,,,
499,Katrina Brown Hunt,,,,,
500,Larry Bleiberg,,,,,
501,Tim Carman,,,,,
502,Chadner Navarro,,,,,
503,Susan Denley,,,,,
504,Lauren Knight,,,,,
505,Sheena McKenzie,,,,,
506,Freda Moon,,,,,
507,Peter Fish,,,,,
508,Tim McKeogh,,,,,
509,Seth Kugel,,,,,
510,Gary Stoller,,,,,
511,Jill Becker,,,,,
512,Harriet Baskas,,,,,
513,Alice Yoo,,,,,
514,Larry Bleiberg,,,,,
515,Jonathan Gold,,,,,
516,Alice Truong,,,,,
517,Avital Andrews,,,,,
518,Larry Olmsted,,,,,
519,Nathan Hurst,,,,,
520,Emily C. Brands and Rachel B. Levin,,,,,
521,Karla Zimmerman,,,,,
522,Stephanie Orma,,,,,
523,"Cal Ripken, Jr.",,,,,
524,Benjamin Hill,,,,,
525,Larry Olmsted,,,,,
526,Tracy Saelinger,,,,,
527,Dave Johnson,,,,,
528,Christopher Reynolds,,,,,
529,Cory Baldwin,,,,,
530,Mark Damon Puckett,,,,,
531,Colleen Hubbard,,,,,
532,Tamara Palmer,,,,,
533,Sharlene Earnshaw,,,,,
534,M. Elezabeth Sheldon,,,,,
535,Ann Rivall,,,,,
536,Larry Bleiberg,,,,,
537,Arthur Bovino,,,,,
538,Irene Lechowitzky,,,,,
539,Christopher Reynolds,,,,,
540,Judy Keen,,,,,
541,Linton Weeks,,,,,
542,Ben Popken and Elizabeth Chuck,,,,,
543,Lauren Silverman,,,,,
544,Aleksandra Crapanzano,,,,,
545,Lesley Balla,,,,,
546,Gary Stoller,,,,,
547,Caroline Patek,,,,,
548,Ben Abramson,,,,,
549,Besha Rodell,,,,,
550,Frank Shyong,,,,,
551,Michael Mascioni,,,,,
552,Adrienne So,,,,,
553,Kelsey Blodget,,,,,
554,James Holloway,,,,,
555,Christopher Lehault,,,,,
556,AJ Wolfe,,,,,
557,Marcus Wohlsen,,,,,
558,Robert Firpo-Cappiello,,,,,
559,Hugo Martin,,,,,
560,Betty Hallock,,,,,
561,Robert Simonson,,,,,
562,Dana McMahan,,,,,
563,Larry Bleiberg,,,,,
564,Jonathan Gold,,,,,
565,Joy Pecknold,,,,,
566,Hilary Davidson,,,,,
567,"Peter Fish, Ann Marie Brown, and Matthew Jaffe",,,,,
568,Ryan Ritchie,,,,,
569,Jayne Clark,,,,,
570,Paula Hardy,,,,,
571,Brady MacDonald,,,,,
572,Brady MacDonald,,,,,
573,Larry Olmsted,,,,,
574,Matt Duckor,,,,,
575,Megan Eaves,,,,,
576,Kristine Hansen,,,,,
577,Lauren Wilson,,,,,
578,Dan Myers,,,,,
579,Robert Reid,,,,,
580,Robert Reid,,,,,
581,Billy Kirland,,,,,
582,Amanda Jones,,,,,
583,Pam Grout,,,,,
584,LVesalo,,,,,
585,Mary Forgione,,,,,
586,George Hobica,,,,,
587,Jonathan Gold,,,,,
588,Edward Readicker-Henderson and Natalie Blackmur,,,,,
589,Pete Wells,,,,,
590,Jeanne Cooper,,,,,
591,Robert Firpo-Cappiello,,,,,
592,Michael Bauer,,,,,
593,Clare Goggin Sivits,,,,,
594,Ted Berg,,,,,
595,Marc Stirdivant,,,,,
596,Gary Stoller,,,,,
597,Marybeth Bond,,,,,
598,Alexis Korman,,,,,
599,Larry Olmsted,,,,,
600,Michael Rubinkam,,,,,
601,"Tom Austin, Katrina Brown Hunt, Adrien Glover, Lyndsey Matthews",,,,,
602,Jayne Clark,,,,,
603,Kathleen Squires,,,,,
604,Marnie Hunter,,,,,
605,John M. Glionna,,,,,
606,Anne Banas,,,,,
607,Matthew Henson,,,,,
608,Jeannie Ralston,,,,,
609,Leslie Lang,,,,,
610,Eric Limer,,,,,
611,Amy McKeever,,,,,
612,Erin Gifford,,,,,
613,Kaeli Conforti,,,,,
614,Felicia Fonseca,,,,,
615,Leah Walker,,,,,
616,Keli Dailey,,,,,
617,Kim Foley MacKinnon,,,,,
618,Pete Wells,,,,,
619,Lara DiPaola,,,,,
620,Charles McGrath,,,,,
621,Rob Lovitt,,,,,
622,Lynn O’Rourke Hayes,,,,,
623,Brady MacDonald,,,,,
624,Ian Pike,,,,,
625,Colleen Clark,,,,,
626,Christopher Reynolds,,,,,
627,Mary Perez,,,,,
628,Heather Bond,,,,,
629,"Nicole Frehsee, Emma Haak, Matt Hendrickson, Joe Kita, Bonnie Tsui, Robin Hilmantel, and Brook Wilkinson",,,,,
630,Jonathan Gold,,,,,
631,Pamela Paul,,,,,
632,Larry Olmsted,,,,,
633,Hannah Seligson,,,,,
634,Michael Luongo,,,,,
635,Brady MacDonald,,,,,
636,Vincze Miklos,,,,,
637,Bridget Borgobello,,,,,
638,David Prior,,,,,
639,Amy Sherman,,,,,
640,Lisa Hix,,,,,
641,Cristian Bonetto,,,,,
642,Nancy and James Chuda,,,,,
643,Katie Little,,,,,
644,Jayne Clark,,,,,
645,Kate Parham,,,,,
646,Jill Becker,,,,,
647,Beth Landman,,,,,
648,Brent Rose,,,,,
649,Christopher Robbins,,,,,
650,Pam Kragen,,,,,
651,Allison Flicker,,,,,
652,Kathryn O’Shea-Evans,,,,,
653,Jennifer V. Cole; Hunter Lewis,,,,,
654,Susan Spano,,,,,
655,Dan Myers,,,,,
656,Chris Wadsworth,,,,,
657,Emily Brennan,,,,,
658,Jason Allen,,,,,
659,Naomi Kooker,,,,,
660,Paul Yee,,,,,
661,Emily Temple,,,,,
662,Erin Schumaker,,,,,
663,Nancy Vienneau,,,,,
664,Kevin Alexander,,,,,
665,Francis Lam,,,,,
666,Kathy Strong,,,,,
667,Jonathan Gold,,,,,
668,Geraldine Campbell,,,,,
669,Jessica Dupuy,,,,,
670,Adam McCulloch,,,,,
671,David and Kay Scott,,,,,
672,Ann Rivall,,,,,
673,Hayley Bosch,,,,,
674,Beth Collins,,,,,
675,Megan Krigbaum,,,,,
676,Katrina Brown Hunt,,,,,
677,Kate Krader,,,,,
678,Kate Krader,,,,,
679,Virginia Sole-Smith,,,,,
680,Keli Dailey,,,,,
681,Keli Dailey,,,,,
682,Lydia Schrandt,,,,,
683,Tom Molanphy,,,,,
684,Verena Dobnik,,,,,
685,Jerry Lanson,,,,,
686,Robert Reid,,,,,
687,Cynthia Drescher,,,,,
688,Alex Skjong,,,,,
689,Leslie Horn,,,,,
690,Kaeli Conforti,,,,,
691,Jonathan Gold,,,,,
692,Madeline Monaco,,,,,
693,Chris Erskine,,,,,
694,Dan Carney,,,,,
695,Shira Levine,,,,,
696,Katia Hetter,,,,,
697,Larry Olmsted,,,,,
698,Greg Miller,,,,,
699,Katrina Woznicki,,,,,
700,John T. Edge,,,,,
701,Oscar Raymundo,,,,,
702,Blane Bachelor,,,,,
703,Nicole Lawrence,,,,,
704,Carol Pucci,,,,,
705,Steven Raichlen,,,,,
706,Stuart Schuffman,,,,,
707,Jonathan Gold,,,,,
708,Hollie Deese,,,,,
709,Donna Heiderstadt,,,,,
710,Ryan Ritchie,,,,,
711,J. Kenji Lopez-Alt,,,,,
712,Elaine Glusac,,,,,
713,Gabe Zaldivar,,,,,
714,Marcy Franklin,,,,,
715,Regis St. Louis,,,,,
716,Seth Kugel,,,,,
717,Deb Hopewell,,,,,
718,Jonathan Gold,,,,,
719,Kevin Murphy,,,,,
720,Lauriel Cleveland,,,,,
721,Katherine Sehl,,,,,
722,Peter Schlesinger,,,,,
723,Robb Walsh,,,,,
724,Darley Newman,,,,,
725,Tom Sietsema,,,,,
726,Keli Dailey,,,,,
727,Roxanne Dass,,,,,
728,Greg Miller,,,,,
729,Kate Krader,,,,,
730,Irene Lechowitzky,,,,,
731,Larry Bleiberg,,,,,
732,Jayne Clark,,,,,
733,Amy Sherman,,,,,
734,Anne Z. Cooke,,,,,
735,Rachel Kristensen,,,,,
736,Jennings Brown,,,,,
737,Robin Wilkey,,,,,
738,Robert Simonson,,,,,
739,Andrew Knowlton,,,,,
740,James Mclauchlin,,,,,
741,Larry Bleiberg,,,,,
742,Megan Snedden,,,,,
743,Jimmy Im,,,,,
744,A. Pawlowski,,,,,
745,Eric Yates,,,,,
746,Allyson Reedy,,,,,
747,Jordan Rane,,,,,
748,Jay Jones,,,,,
749,Jane Stern and Michael Stern,,,,,
750,Kevin Koczwara,,,,,
751,Lily Rothman,,,,,
752,Kristine Hansen,,,,,
753,Sarah Freeman,,,,,
754,Karen Michel,,,,,
755,Jeremy Taylor,,,,,
756,Suzanne MacNeille,,,,,
757,Larry Olmsted,,,,,
758,Lauren Mowery,,,,,
759,Joe Brown,,,,,
760,Tamara Lush,,,,,
761,Tom Blair,,,,,
762,Larry Olmsted,,,,,
763,Shelly Miller,,,,,
764,Sara Norris,,,,,
765,Sara Norris,,,,,
766,Bruce Steele,,,,,
767,Jessica Colley,,,,,
768,Larry Olmsted,,,,,
769,Michellina Jones,,,,,
770,Fred Perrotta,,,,,
771,Kimberley Lovato,,,,,
772,Tamara Lush,,,,,
773,Irene Lechowitzky,,,,,
774,Jimmy Im,,,,,
775,Alline ,,,,,
776,Hollie Deese,,,,,
777,Nate Rau,,,,,
778,Chris McGinnis,,,,,
779,Alison Cook,,,,,
780,Jill Becker,,,,,
781,Willie Mae,,,,,
782,Willie Mae,,,,,
783,Lindsey Galloway,,,,,
784,Andy Kryza,,,,,
785,Will Clark,,,,,
786,Darlene Horn,,,,,
787,David Garrick,,,,,
788,Pam Kragen,,,,,
789,Jessica Wei,,,,,
790,S. Irene Virbila,,,,,
791,Nina Sachdev Hoffman,,,,,
792,Sarah Sekula,,,,,
793,Megan Pacella,,,,,
794,Katia Hetter,,,,,
795,Nancy Trejos,,,,,
796,Javier Cabral,,,,,
797,"Pam Kragen, Michele Parente and Lori Weisberg",,,,,
798,Melissa Coleman,,,,,
799,Gary Shteyngart,,,,,
800,Erin Jackson,,,,,
801,Russ Parsons,,,,,
802,Harriet Baskas,,,,,
803,Darlene Horn,,,,,
804,Larry Olmsted,,,,,
805,Halle Eavelyn,,,,,
806,Marc Stirdivant,,,,,
807,Larry Olmsted,,,,,
808,Larry Olmsted,,,,,
809,Larry Olmsted,,,,,
810,Larry Olmsted,,,,,
811,Larry Olmsted,,,,,
812,Larry Olmsted,,,,,
813,Larry Olmsted,,,,,
814,Erin Jackson,,,,,
815,Suzy Strutner,,,,,
816,Jonathan Gold,,,,,
817,Bonnie Tsui,,,,,
818,Darlene Horn,,,,,
819,Karen Brooks,,,,,
820,Lizzy Caston,,,,,
821,Michael Russell,,,,,
822,Larry Brons,,,,,
823,Lindsay Dove,,,,,
824,Samantha Bakall,,,,,
825,Martin Cizmar,,,,,
826,Kristina Loring,,,,,
827,Jay Jones,,,,,
828,Betty Hallock,,,,,
829,Katia Grubisic,,,,,
830,Sarah Musgrave,,,,,
831,Alan Sytsma,,,,,
832,John Gottenberg Anderson,,,,,
833,John Gottenberg Anderson,,,,,
834,Chris Nuttall-Smith,,,,,
835,Annie Russell,,,,,
836,Tim Neville,,,,,
837,"Karen Brooks, Rachel Ritchie",,,,,
838,Julie Zeveloff,,,,,
839,Katia Hetter,,,,,
840,Dustin Gilman,,,,,
841,Katrina Brown Hunt,,,,,
842,Troy Johnson,,,,,
843,Katherine Sehl,,,,,
844,Cate Huguelet,,,,,
845,Kristen Oliveri,,,,,
846,Eric Benson,,,,,
847,Katrina Brown Hunt,,,,,
848,Erin Jackson,,,,,
849,Renee Jacques,,,,,
850,Larry Bleiberg,,,,,
851,Beau Eastes,,,,,
852,Claire Jeffers,,,,,
853,Larry Olmsted,,,,,
854,Tommy Werner,,,,,
855,Kristen McKenzie,,,,,
856,Kristen McKenzie,,,,,
857,Betty Hallock,,,,,
858,Ligaya Mishan,,,,,
859,Greg Morabito,,,,,
860,Erin Jackson,,,,,
861,Emily Wasserman,,,,,
862,Katelyn Mullen,,,,,
863,Mike Richard,,,,,
864,Brad A. Johnson,,,,,
865,Jonathan Gold,,,,,
866,Katrina Woznicki,,,,,
867,Betty Hallock,,,,,
868,Jareen Iman,,,,,
869,Kate Parham,,,,,
870,Neal Turnage,,,,,
871,Caroline Michelman,,,,,
872,Amy McKeever,,,,,
873,Rachel Hart,,,,,
874,John Gravois,,,,,
875,Jay Jones,,,,,
876,Elise Craig,,,,,
877,Marjie Lambert,,,,,
878,Louis Sahagun,,,,,
879,Louis Sahagun,,,,,
880,Pam Grout,,,,,
881,Larry Bleiberg,,,,,
882,Larry Bleiberg,,,,,
883,Annie Fitzsimmons,,,,,
884,U-T Superdiners,,,,,
885,U-T Superdiners,,,,,
886,Chad Deal,,,,,
887,Annie Fitzsimmons,,,,,
888,Megan Pacella,,,,,
889,Karla Cripps,,,,,
890,David Robert Weible,,,,,
891,Andrew Evans,,,,,
892,Brad Cohen,,,,,
893,Jayne Clark,,,,,
894,Steve Johnson,,,,,
895,Annie Fitzsimmons,,,,,
896,Jennifer Steinhauer,,,,,
897,Jonathan Gold,,,,,
898,Cliff Kuang,,,,,
899,Moni Basu,,,,,
900,John Makely,,,,,
901,Annie Fitzsimmons,,,,,
902,Adam D’Arpino,,,,,
903,Pam Kragen,,,,,
904,Pam Kragen,,,,,
905,S. Irene Virbila,,,,,
906,Valentina Silva,,,,,
907,Tamara Hinson,,,,,
908,Jane Reynolds,,,,,
909,Freda Moon,,,,,
910,Eric Bangeman,,,,,
911,Joseph Erbentraut,,,,,
912,Katelyn Mullen,,,,,
913,Greg Melville,,,,,
914,Marla Cimini,,,,,
915,Candice Woo,,,,,
916,Libby Lowe,,,,,
917,Larry Olmsted,,,,,
918,Jonathan Gold,,,,,
919,Sharon Eberson,,,,,
920,Rebecca Flint Marx,,,,,
921,Suzanne MacNeille,,,,,
922,Andrea Shea,,,,,
923,Bonjwing Lee,,,,,